id,conversations_summary,created_at
182,"{""history"": ""System: The human introduces themselves as Isaac A\u00efsha and the AI, named OpenAI, greets them and explains its purpose as an assistant for tasks and questions. The AI asks how it can assist Isaac A\u00efsha.""}",2023-11-14 08:10:54.097987
183,"{""history"": ""System: The human asks where Paris is located. The AI responds that Paris is located in the northern part of France, on the banks of the Seine River, and is known for its iconic landmarks such as the Eiffel Tower, the Louvre Museum, and Notre-Dame Cathedral.""}",2023-11-14 09:13:45.682849
189,"{""history"": ""System: The human asks the AI who scored on the 2010 football World Cup final. The AI responds that the goal scorer was Andr\u00e9s Iniesta of Spain.""}",2023-11-14 19:33:14.511759
191,"{""history"": ""System: The human asks the AI for their name. The AI responds with the name \""Isaac A\u00efsha.\"" The human then asks where London is located, and the AI provides a detailed answer about the city's location, including that it is the capital and largest city of England and the United Kingdom.""}",2023-11-15 01:59:23.893151
192,"{""history"": ""System: The human asks if the AI understands the Soninkes dialect and how to say \""my name is Isaac\"" in that language. The AI responds that as a language model, it can understand and process text in various languages, including Soninke, and that \""min naan Isaac\"" is how you would say \""my name is Isaac\"" in Soninke.""}",2023-11-15 02:14:17.859258
193,"{""history"": ""System: The human asks the AI how many languages it knows. The AI responds that as a language model, it can understand and process text in various languages, including Spanish, English, French, German, Italian, Portuguese, Chinese, Japanese, Korean, and more. It asks in which language the human needs help.""}",2023-11-15 02:20:52.705510
197,"{""history"": ""System: The human asks the AI for their name in Spanish. The AI apologizes and asks for the human's name.""}",2023-11-15 02:45:51.241646
198,"{""history"": ""System: The human asks the AI for their name in Spanish. The AI apologizes and asks for the human's name. The human then asks the AI to look into the conversations_summary and tell them their name. The AI responds that based on the conversations_summary, the human's name is Isaac A\u00efsha.""}",2023-11-15 02:47:27.034646
199,"{""history"": ""System: The human asks the AI for the name of the capital of Indonesia. The AI does not have the information but provides the answer that the capital is Jakarta.""}",2023-11-15 09:00:56.238712
200,"{""history"": ""System: The human asks where Berlin is located. The AI responds that it does not have information about Berlin's location based on a previous conversation, but notes that Berlin is the capital city of Germany and is located in the northeastern part of the country.""}",2023-11-15 09:04:40.494558
201,"{""history"": ""System: The human asks the AI to tell them about Poland. The AI provides information on Poland's location, population, capital city, landmarks, culture, and cuisine.""}",2023-11-15 10:01:03.642446
202,"{""history"": ""System: The human asks the AI to tell them about Poland. The AI provides information on Poland's location, population, capital city, landmarks, culture, and cuisine. The human then asks the AI what their name is, and the AI responds that based on the conversation summary, their name is Isaac A\u00efsha.""}",2023-11-15 10:01:42.711795
203,"{""history"": ""System: The human asks who 2pac Shakur was. The AI responds that he was an American rapper, actor, and activist who is considered one of the greatest rappers of all time. He sold over 75 million records worldwide and was known for his political and social activism, particularly in support of Black rights and fighting violence in disadvantaged neighborhoods. He was assassinated at the age of 25 in 1996.""}",2023-11-15 15:12:38.203867
204,"{""history"": ""System: The human asks the AI to provide the latest news around the world. The AI explains that as a language model, it does not have access to real-time news updates but suggests using reputable news websites or a news aggregator app to stay up-to-date.""}",2023-11-15 15:33:23.467035
205,"{""history"": ""System: The human asks if the AI knows what's happening in Palestine. The AI responds that as an AI language model, it does not have access to real-time news updates, but acknowledges the ongoing conflicts and tensions in the region and emphasizes the importance of staying informed through reputable news sources.""}",2023-11-15 17:10:33.671655
206,"{""history"": ""System: The AI confirms that it knows the human's name, which is Isaac A\u00efsha, based on previous conversations.""}",2023-11-15 17:31:51.804196
